1,‘∏’∂’ø÷Ä’•’¨ ’Ø÷Ä’´’∫’ø’∏’°÷Ä’™’∏÷Ç’µ’©’® üè¶,–í—ã–±–µ—Ä–∏—Ç–µ –∫—Ä–∏–ø—Ç–æ–≤–∞–ª—é—Ç—É üè¶,Select cryptocurrency üè¶
2,üìä ’è’•’Ω’∂’•’¨ ’Ø÷Ä’´’∫’ø’∏’∂’•÷Ä’´ ’°÷Ä’™’∏÷Ç’µ’©’®,üìä —Ü–µ–Ω—ã –Ω–∞ –∫—Ä–∏–ø—Ç–æ–≤–∞–ª—é—Ç—ã,üìä cryptocurrency prices
3,üè¥‚Äç‚ò†Ô∏è‘∏’∂’ø÷Ä’•÷Ñ ’¢’∏’ø’´ ’¨’•’¶’∏÷Ç’∂,üè¥‚Äç‚ò† –≤—ã–±–µ—Ä–∏—Ç–µ —è–∑—ã–∫ –¥–ª—è –±–æ—Ç–∞,üè¥‚Äç‚ò† choose a language for the bot
4,‘∏’∂’ø÷Ä’•÷Ñ ’°÷Ä’ø’°÷Ä’™’∏÷Ç’µ’©’®,–£–∫–∞–∂–∏—Ç–µ –≤–∞–ª—é—Ç—É,Choose your currency
5,"’ç’•’≤’¥’•÷Ñ /start, ’∏÷Ä’∫’•’Ω’¶’´ ’Ω’Ø’Ω’•÷Ñ ’Ø÷Ä’Ø’´’∂","–ù–∞–∂–º–∏—Ç–µ /start, —á—Ç–æ–±—ã –Ω–∞—á–∞—Ç—å —Å–Ω–æ–≤–∞",Press /start to start again
6,‘≥’∂’•’¨,–ö—É–ø–∏—Ç—å,Buy
7,’é’°’≥’°’º’•’¨,–ü—Ä–æ–¥–∞—Ç—å,Sell
8,üí± ‘∏’∂’ø÷Ä’•÷Ñ ’£’∏÷Ä’Æ’°÷Ä÷Ñ’´ ’ø’•’Ω’°’Ø’®,üí± –í—ã–±–µ—Ä–∏—Ç–µ —Ç–∏–ø —Ç—Ä–∞–Ω–∑–∞–∫—Ü–∏–∏,üí± Select the transaction type
9,‘ø÷Ä’´’∫’ø’∏’°÷Ä’™’∏÷Ç’µ’©’∂’•÷Ä’´ ’£’´’∂’®  ’°’µ’Ω ’∫’°’∞’´ ’§÷Ä’∏÷Ç’©’µ’°’¥’¢:,–¶–µ–Ω—ã –∫—Ä–∏–ø—Ç–æ–≤–∞–ª—é—Ç –Ω–∞ –¥–∞–Ω–Ω—ã–π –º–æ–º–µ–Ω—Ç,The price of cryptocurrencies at the moment
10,"’à÷Ç’∑’°’§÷Ä’∏÷Ç’©’µ’∏÷Ç’∂, ’£’´’∂’® ’Ø’°÷Ä’∏’≤ ’ß ÷É’∏÷Ñ÷Ä ’´’∂’π ’ø’°÷Ä’¢’•÷Ä’∏÷Ç’©’µ’∏÷Ç’∂ ’ø’°’¨ ’∑’∏÷Ç’Ø’°’µ’°’Ø’°’∂’´÷Å","–í–Ω–∏–º–∞–Ω–∏–µ, —Ü–µ–Ω–∞ –º–æ–∂–µ—Ç –¥–∞—Ç—å –Ω–µ–±–æ–ª—å—à—É—é —Ä–∞–∑–Ω–∏—Ü—É –æ—Ç —Ä—ã–Ω–æ—á–Ω–æ–π","Attention, the price may give a small difference from market's"
11,‘≥÷Ä’•÷Ñ ’£’∏÷Ç’¥’°÷Ä’´ ÷Å’°’∂’Ø’°’¨’´ ÷Ñ’°’∂’°’Ø’® ÷É’∏’≠’°’∂÷Å’¥’°’∂ ’∞’°’¥’°÷Ä,"–ó–∞–ø–∏—à–∏—Ç–µ —Å—É–º–º—É, –∫–æ—Ç–æ—Ä—É—é –≤—ã —Ö–æ—Ç–∏—Ç–µ –ø–µ—Ä–µ–≤–µ—Å—Ç–∏",Write down the amount of money you want to transfer
12,’ì’∏’≠’°’∂÷Å’•÷Ñ ’£’∏÷Ç’¥’°÷Ä’® ’∞’°’∑’´’æ’∂’•÷Ä’∂ ÷á ’∏÷Ç’≤’°÷Ä’Ø’•÷Ñ ’Ø’ø÷Ä’∏’∂,–ü–µ—Ä–µ–≤–µ–¥–∏—Ç–µ —Å—É–º–º—É –Ω–∞ –æ–¥–∏–Ω –∏–∑ —ç—Ç–∏—Ö —Å—á–µ—Ç–æ–≤ –∏ –æ—Ç–ø—Ä–∞–≤—å—Ç–µ –∫—É–ø–æ–Ω,Transfer the money to one of these accounts and send the coupon
13,‘ø’ø÷Ä’∏’∂’´ ’¢’°÷Å’°’Ø’°’µ’∏÷Ç’©’µ’°’∂ ’§’•’∫÷Ñ’∏÷Ç’¥ ’¥’•’∂÷Ñ ’∞’•’ø÷á’°’∂÷Ñ’∂’•÷Ä’´ ’∞’°’¥’°÷Ä ’∫’°’ø’°’Ω’≠’°’∂’°’ø’æ’∏÷Ç’©’µ’∏÷Ç’∂ ’π’•’∂÷Ñ ’Ø÷Ä’∏÷Ç’¥,–ü—Ä–∏ –æ—Ç—Å—É—Ç—Å—Ç–≤–∏–∏ –∫—É–ø–æ–Ω–∞ –º—ã –Ω–µ –Ω–µ—Å–µ–º –æ—Ç–≤–µ—Ç—Å—Ç–≤–µ–Ω–Ω–æ—Å—Ç–∏ –∑–∞ –ø–æ—Å–ª–µ–¥—Å—Ç–≤–∏—è,"In case of absence of a coupon, we are not responsible for the consequences."
14,‘≥’∏÷Ç’¥’°÷Ä’® ‘ø÷Ä’´’∫’ø’∏’°÷Ä’™’∏÷Ç’µ’©’∏’æ,–°—É–º–º–∞ –≤ –∫—Ä–∏–ø—Ç–æ–≤–∞–ª—é—Ç–µ,Amount in cryptocurrency
15,’Ñ’•÷Ä ’∞’°’∑’æ’•’∞’°’¥’°÷Ä’®,–ù–∞—à —Å—á–µ—Ç,Our account
16,‘≥’∏÷Ç’¥’°÷Ä’´ ÷Ñ’°’∂’°’Ø’®,–ö–æ–ª–∏—á–µ—Å—Ç–≤–æ –¥–µ–Ω–µ–≥,Amount of money
17,‘Ω’∂’§÷Ä’∏÷Ç’¥ ’•’∂÷Ñ ’£÷Ä’•’¨ ’±’•÷Ä,"–ü–æ–∂–∞–ª—É–π—Å—Ç–∞, –Ω–∞–ø–∏—à–∏—Ç–µ —Å–≤–æ–π –Ω–æ–º–µ—Ä",Please write your account
18,’∞’°’∑’æ’•’∞’°’¥’°÷Ä’®,—Å—á–µ—Ç–∞,wallet
19,‘∏’∂’ø÷Ä’•÷Ñ ÷Å’°’∂’Ø’°’¨’´ ’§÷Ä’°’¥’°’∫’°’∂’°’Ø’®,–í—ã–±–µ—Ä–∏—Ç–µ –Ω—É–∂–Ω—ã–π –∫–æ—à–µ–ª–µ–∫,Choose the wallet that suits you
20,‚ö†  ’£÷Ä’•÷Ñ ’£’∏÷Ç’¥’°÷Ä’´ ÷Ñ’°’∂’°’Ø’® ’∏’π ’∫’°’Ø’°’Ω,‚ö†Ô∏è –∑–∞–ø–∏—à–∏—Ç–µ –∫–æ–ª–∏—á–µ—Å—Ç–≤–æ –¥–µ–Ω–µ–≥ –Ω–µ –º–µ–Ω—å—à–µ,‚ö†  write down the amount of money at least
21,‚ö†  ’Ñ’∏÷Ç’ø÷Ñ’°’£÷Ä’•÷Ñ ’£’∏÷Ç’¥’°÷Ä’® ’©’æ’°’∂’∑’°’∂’∂’•÷Ä’∏’æ,‚ö†  –≤–≤–µ–¥–∏—Ç–µ —Å—É–º–º—É —Ü–∏—Ñ—Ä–∞–º–∏,‚ö†  enter the amount with numbers
22,’Å’•÷Ä ÷É’∏’≠’°’∂÷Å’∏÷Ç’¥’® ’∞’°’ª’∏’≤’∏÷Ç’©’µ’°’¥’¢ ’Ø’°’ø’°÷Ä’æ’°’Æ ’ß,–í–∞—à –ø–µ—Ä–µ–≤–æ–¥ –ø—Ä–æ—à–µ–ª —É—Å–ø–µ—à–Ω–æ,Your transfer was successful
23,"’Å’•÷Ä ’Ø’ø÷Ä’∏’∂’® ’¥’•÷Ä’™’æ’•’¨ ’ß, ’≠’∂’§÷Ä’∏÷Ç’¥ ’•’∂÷Ñ ’∏÷Ç’≤’°÷Ä’Ø’•’¨ ’Ø÷Ä’Ø’´’∂ ’Ø’°’¥ ’Ø’°’∫ ’∞’°’Ω’ø’°’ø’•’¨ ÷Ö’∫’•÷Ä’°’ø÷Ä’´ ’∞’•’ø @cuturie","–í–∞—à –∫—É–ø–æ–Ω –æ—Ç–∫–ª–æ–Ω–µ–Ω, –ø–æ–∂–∞–ª—É–π—Å—Ç–∞, –æ—Ç–ø—Ä–∞–≤—å—Ç–µ –µ–≥–æ –µ—â–µ —Ä–∞–∑ –∏–ª–∏ —Å–≤—è–∂–∏—Ç–µ—Å—å —Å –æ–ø–µ—Ä–∞—Ç–æ—Ä–æ–º @cuturie.","Your coupon is rejected, please send again or contact the operator @cuturie"
24,"‘º’•’¶’∏÷Ç’∂ ÷É’∏’≠’æ’•’¨ ’ß, ’Ω’•’≤’¥’•÷Ñ /start","–Ø–∑—ã–∫ –∏–∑–º–µ–Ω–µ–Ω, –Ω–∞–∂–º–∏—Ç–µ /start","The language has been changed, press /start"
25,üí• ’£’∏÷Ä’Æ’°÷Ä÷Ñ’® ’Ø’°’∂’£’∂’•÷Å’æ’°’Æ ’ß ’∂’∑’æ’°’Æ ’®’∂’©’°÷Å÷Ñ’∏÷Ç’¥ ’Ø’ø÷Ä’∏’∂’® ’π’∏÷Ç’≤’°÷Ä’Ø’•’¨’∏÷Ç ’∫’°’ø’≥’°’º’∏’æ:,üí• —Å–¥–µ–ª–∫–∞ –æ—Ç–º–µ–Ω–µ–Ω–∞ –ø–æ –ø—Ä–∏—á–∏–Ω–µ –∏—Å—Ç–µ—á–µ–Ω–∏–∏ –≤—Ä–µ–º–µ–Ω–∏ –æ–∂–∏–¥–∞–Ω–∏—è –æ—Ç–ø—Ä–∞–≤–∫–∏ –∫—É–ø–æ–Ω–∞,üí• the transaction is suspended due to ending of the specified time of sending the invoice
26,‘º÷Ä’°÷Å’∂’•’¨ ’±’•’º÷Ñ’∏’æ,–í–≤–µ–¥–∏—Ç–µ –≤—Ä—É—á–Ω—É—é,Enter manually
27,’à÷Ç’≤’°÷Ä’Ø’•÷Ñ ’°’æ’•’¨’´ ’∞’Ω’ø’°’Ø ’∂’Ø’°÷Ä,–û—Ç–ø—Ä–∞—å—Ç–µ –±–æ–ª–µ–µ —á–µ—Ç–∫—É—é —Ñ–æ—Ç–æ–≥—Ä–∞—Ñ–∏—é,Send more accurate image
28,‘≥÷Ä’•÷Ñ ’£’∏÷Ä’Æ’°÷Ä÷Ñ’´ ’¥’∏’ø’°’æ’∏÷Ä ’™’°’¥’°’∂’°’Ø’® ’∞’•’ø÷á’µ’°’¨ ’±÷á’∏’æ,–ó–∞–ø–∏—à–∏—Ç–µ –ø—Ä–∏–º–µ—Ä–Ω–æ–µ –≤—Ä–µ–º—è —Å–æ–≤–µ—Ä—à–µ–Ω–∏—è —Ç—Ä–∞–Ω–∑–∞–∫—Ü–∏–∏ –≤ –¥–∞–Ω–Ω–æ–º —Ñ–æ—Ä–º–∞—Ç–µ,Write the approximate time of transaction in this form
29,‘≥÷Ä’•÷Ñ ’∏÷Ç’≤’°÷Ä’Ø’æ’°’Æ ’£’∏÷Ç’¥’°÷Ä’´ ’π’°÷É’®,–ó–∞–ø–∏—à–∏—Ç–µ –ø–µ—Ä–µ–≤–µ–¥–µ–Ω–Ω—É—é —Å—É–º–º—É,Write the sent amount
30,‘ø’≠’∂’§÷Ä’•’∂÷Ñ ’∞’•’ø÷á’•’¨ ’ø’æ’µ’°’Æ ’±÷á’´’∂,–ü—Ä–∏–¥–µ—Ä–∂–∏–≤–∞–π—Ç–µ—Å—å —É–∫–∞–∑–∞–Ω–Ω–æ–≥–æ —Ñ–æ—Ä–º–∞—Ç–∞,"Please, follow the form"
31,"’ï’£’ø’°’ø’•÷Ä’® ’π’∏÷Ç’∂’´ ’π’•’Ø, ’Ø’≠’∂’§÷Ä’•’¥ ’Ω’ø’∏÷Ç’£’•’¨ ’§÷Ä’° ’°’º’Ø’°’µ’∏÷Ç’©’µ’∏÷Ç’∂’® ’ø÷Ä’æ’°’Æ ’™’°’¥’∏’æ ÷á ’£’∏÷Ç’¥’°÷Ä’´ ÷Ñ’°’∂’°’Ø’∏’æ","–£ –ø–æ–ª—å–∑–æ–≤–∞—Ç–µ–ª—è –Ω–µ—Ç—É —á–µ–∫–∞, –ø—Ä–æ—à—É –ø—Ä–æ–≤–µ—Ä–∏—Ç—å –Ω–∞–ª–∏—á–∏–µ —á–µ–∫–∞ —Å —É–∫–∞–∑–∞–Ω–Ω—ã–º –≤—Ä–µ–º–µ–Ω–µ–º –∏ —Å—É–º–º–æ–π","User doesn't have the invoice, please check the presence of it by this date and amount"
32,"‘µ’©’• ’π’∏÷Ç’∂’•÷Ñ ’π’•’Ø, ’Ω’•’≤’¥’•÷Ñ ‘º÷Ä’°÷Å’∂’•’¨ ’±’•’º÷Ñ’∏’æ ’Ø’∏’≥’°’Ø’®","–ï—Å–ª–∏ —É –≤–∞—Å –Ω–µ—Ç—É —á–µ–∫–∞, —Ç–æ –Ω–∞–∂–º–∏—Ç–µ –Ω–∞ –∫–Ω–æ–ø–∫—É '–í–≤–µ–¥–∏—Ç–µ –≤—Ä—É—á–Ω—É—é'","If you don't have the invoice, press the 'Enter manually' button"
33,"‘µ’©’• ’π’•’Ø’® ’¨’´’∏’æ’´’∂ ’Ω’ø’∏÷Ç’£’æ’°’Æ ’ß, ’Ω’•’≤’¥’•÷Ñ Confirm ÷á ’∏÷Ç’≤’°÷Ä’Ø’•÷Ñ ’¢’¨’∏’Ø’π’•’µ’∂’´ ’∞’≤’∏÷Ç’¥’®","–ï—Å–ª–∏ —á–µ–∫ –ø–æ–ª–Ω–æ—Å—Ç—å—é –ø—Ä–æ–≤–µ—Ä–µ–Ω, –Ω–∞–∂–º–∏—Ç–µ 'Confirm' –∏ –æ—Ç–ø—Ä–∞–≤—å—Ç–µ —Å—Å—ã–ª–∫—É –±–ª–æ–∫—á–µ–π–Ω–∞","If the invoice is fully checked, press 'Confirm' and send blockchain link"
34,÷á ’∏’π ’°’æ’•’¨ ,–∏ –Ω–µ –±–æ–ª–µ–µ,and no more 
35,’∞’≤’∏÷Ç’¥’∂’•÷Ä’® ’£÷Ä’•’¨’∏÷Ç÷Å ’∞’•’ø’∏ ’°’æ’•’¨’°÷Å÷Ä’•÷Ñ ’æ’•÷Ä’´’∂ ID-’∂,–ø–æ—Å–ª–µ –Ω–∞–ø–∏—Å–∞–Ω–∏—è url-–∞–¥—Ä–µ—Å–∞ –¥–æ–±–∞–≤—å—Ç–µ –≤–µ—Ä—Ö–Ω–∏–π –∏–¥–µ–Ω—Ç–∏—Ñ–∏–∫–∞—Ç–æ—Ä,"after writing the url, add the top id"
36,’£’∏÷Ç’¥’°÷Ä’® ÷É’∏’≠’°’∂÷Å’•÷Ñ ’°’µ’Ω ’∞’°’∑’æ’´’∂,–ø–µ—Ä–µ–≤–µ–¥–∏—Ç–µ –¥–µ–Ω—å–≥–∏ –Ω–∞ —ç—Ç–æ—Ç —Å—á–µ—Ç,transfer money to this account
